,l,drag,SA,noseMass,Altitude
0,10,0.45,4,10,933.4323304260688
1,20,0.9,8,20,674.957278767899
