,l,drag,SA,noseMass,Altitude
0,10,0.45,4.0,10.0,933.4323304260688
1,20,0.9,8.0,20.0,674.957278767899
2,2.7,,,,
